{"cameraMode":{"drawMode":0,"name":"Shaded","section":"Shading Mode"},"sceneLighting":true,"audioPlay":false,"sceneViewState":{"showFog":false,"showMaterialUpdate":false,"showSkybox":false,"showFlares":false,"showImageEffects":false,"showParticleSystems":false},"in2DMode":false,"pivot":{"x":32.883079528808597,"y":14.737637519836426,"z":113.82148742675781},"rotation":{"x":-0.07374116778373718,"y":0.006578783504664898,"z":-0.0004865256487391889,"w":-0.9972573518753052},"size":219.3109130859375,"orthographic":false}