{"cameraMode":{"drawMode":0,"name":"Shaded","section":"Shading Mode"},"sceneLighting":true,"audioPlay":false,"sceneViewState":{"showFog":true,"showMaterialUpdate":true,"showSkybox":true,"showFlares":true,"showImageEffects":true,"showParticleSystems":true},"in2DMode":false,"pivot":{"x":-5.609848499298096,"y":-4.448737144470215,"z":3.871263265609741},"rotation":{"x":-0.24355152249336244,"y":0.5076684951782227,"z":-0.15221913158893586,"w":-0.8122732639312744},"size":31.850452423095704,"orthographic":false}