{"cameraMode":{"drawMode":0,"name":"Shaded","section":"Shading Mode"},"sceneLighting":true,"audioPlay":false,"sceneViewState":{"showFog":true,"showMaterialUpdate":true,"showSkybox":true,"showFlares":true,"showImageEffects":true,"showParticleSystems":true},"in2DMode":false,"pivot":{"x":-8.02503776550293,"y":-7.70530891418457,"z":21.6744384765625},"rotation":{"x":-0.18516139686107636,"y":0.2124459147453308,"z":-0.04103567451238632,"w":-0.9585933685302734},"size":58.82112503051758,"orthographic":false}